program_id,faculty_id,faculty_name_ar,faculty_name_en,program_name_ar,program_name_en,degree_level,plan_found,source_type,levels_found,courses_found,course_codes_available,credit_hours_available,prerequisites_available,electives_identified,source_date_version,extraction_confidence,recommended_status,source_url_ar,source_url_en
catalog-bachelor-of-journalism-and-digital-media-program,CM,الاتصال والإعلام,communications&media,برنامج بكالوريوس الصحافة والإعلام الرقمي,Bachelor of Journalism and Digital Media Program,bachelor,True,rendered_html_embedded_structured_data,8,44,True,True,True,True,,high,ready_to_import,https://kau.edu.sa/ar/programs/bachelor-of-journalism-and-digital-media-program,https://kau.edu.sa/en/programs/bachelor-of-journalism-and-digital-media-program
catalog-bachelor-of-science-in-cybersecurity,IT,الحاسبات وتقنية المعلومات,computing & information tech.,بكالوريوس العلوم في الامن السيبراني,Bachelor of Science in Cybersecurity,bachelor,True,rendered_html_embedded_structured_data,10,42,True,True,True,False,16/07/2026,high,ready_to_import,https://kau.edu.sa/ar/programs/bachelor-of-science-in-cybersecurity,https://kau.edu.sa/en/programs/bachelor-of-science-in-cybersecurity
catalog-bachelor-of-medical-laboratories-science,RA,العلوم الطبية التطبيقية- رابغ,Applied Medica.Sciences-rabigh,بكالوريوس علوم المختبرات الطبية,Bachelor of Medical Laboratories Science,bachelor,True,rendered_html_embedded_structured_data,8,47,True,True,True,True,12/07/2026,high,ready_to_import,https://kau.edu.sa/ar/programs/bachelor-of-medical-laboratories-science,https://kau.edu.sa/en/programs/bachelor-of-medical-laboratories-science
catalog-bachelor-in-french-language-translation,AH,الآداب و العلوم الإنسانية,Arts and Humanities,البكالوريوس في اللغة الفرنسية والترجمة,Bachelor in French Language & Translation,bachelor,True,rendered_html_embedded_structured_data,12,139,True,True,True,True,09/07/2026,medium,requires_manual_review,https://kau.edu.sa/ar/programs/bachelor-in-french-language-translation,https://kau.edu.sa/en/programs/bachelor-in-french-language-translation
catalog-chinese-language,AH,الآداب و العلوم الإنسانية,Arts and Humanities,البكالوريوس في اللغة الصينية,Bachelor of Chinese Language,bachelor,True,rendered_html_embedded_structured_data,10,76,True,True,True,True,15/07/2026,medium,requires_manual_review,https://kau.edu.sa/ar/programs/chinese-language,https://kau.edu.sa/en/programs/chinese-language
catalog-counseling-psychology,AH,الآداب و العلوم الإنسانية,Arts and Humanities,البكالوريوس في علم النفس الإرشادي,Bachelor of Counseling Psychology,bachelor,True,rendered_html_embedded_structured_data,10,72,True,True,True,True,12/07/2026,medium,requires_manual_review,https://kau.edu.sa/ar/programs/counseling-psychology,https://kau.edu.sa/en/programs/counseling-psychology
catalog-geography-and-geographic-information-systems,AH,الآداب و العلوم الإنسانية,Arts and Humanities,البكالوريوس في الجغرافيا ونظم المعلومات الجغرافية,Bachelor of Geography and Geographic Information Systems,bachelor,True,rendered_html_embedded_structured_data,10,94,True,True,True,False,13/07/2026,medium,requires_manual_review,https://kau.edu.sa/ar/programs/geography-and-geographic-information-systems,https://kau.edu.sa/en/programs/geography-and-geographic-information-systems
catalog-bachelor-of-visual-and-audio-production-program,CM,الاتصال والإعلام,communications&media,برنامج بكالوريوس الإنتاج المرئي والمسموع,Bachelor of Visual and Audio Production Program,bachelor,True,rendered_html_embedded_structured_data,8,45,True,True,True,True,15/07/2026,medium,requires_manual_review,https://kau.edu.sa/ar/programs/bachelor-of-visual-and-audio-production-program,https://kau.edu.sa/en/programs/bachelor-of-visual-and-audio-production-program
catalog-political-science,EA,الاقتصاد والادارة,economics and administration,بكالوريوس العلوم السياسية,Political Science,bachelor,True,rendered_html_embedded_structured_data,8,46,True,True,True,True,12/07/2026,medium,requires_manual_review,https://kau.edu.sa/ar/programs/political-science,https://kau.edu.sa/en/programs/political-science
catalog-engineering-bachelor-of-science-in-civil-engineering,EN,الهندسة,ENGINEERING,بكالوريوس العلوم في الهندسة المدنية,Bachelor of Science in Civil Engineering,bachelor,True,rendered_html_embedded_structured_data,13,68,True,True,True,True,16/07/2026,medium,requires_manual_review,https://kau.edu.sa/ar/programs/civil-engineering-bachelor-of-science,https://kau.edu.sa/en/programs/civil-engineering-bachelor-of-science
catalog-engineering-bachelor-of-science-in-electrical-engineering-biomedical,EN,الهندسة,ENGINEERING,بكالوريوس العلوم في الهندسة الكهربائية (طبية حيوية),Bachelor of Science in Electrical Engineering (Biomedical),bachelor,True,rendered_html_embedded_structured_data,12,67,True,True,True,True,,medium,requires_manual_review,https://kau.edu.sa/ar/programs/electrical-engineering-biomedical-bachelor-of-science,https://kau.edu.sa/en/programs/electrical-engineering-biomedical-bachelor-of-science
catalog-engineering-bachelor-of-science-in-electrical-engineering-computer,EN,الهندسة,ENGINEERING,بكالوريوس العلوم في الهندسة الكهربائية (حاسبات),Bachelor of Science in Electrical Engineering (Computer),bachelor,True,rendered_html_embedded_structured_data,12,67,True,True,True,True,16/07/2026,medium,requires_manual_review,https://kau.edu.sa/ar/programs/electrical-engineering-computer-bachelor-of-science,https://kau.edu.sa/en/programs/electrical-engineering-computer-bachelor-of-science
catalog-engineering-bachelor-of-science-in-electrical-engineering-electronics-and-communic,EN,الهندسة,ENGINEERING,بكالوريوس العلوم في الهندسة الكهربائية (إلكترونيات و إتصالات),Bachelor of Science in Electrical Engineering (Electronics and Communications),bachelor,True,rendered_html_embedded_structured_data,12,66,True,True,True,True,,medium,requires_manual_review,https://kau.edu.sa/ar/programs/electrical-engineering-electronics-and-communications-bachelor-of-science,https://kau.edu.sa/en/programs/electrical-engineering-electronics-and-communications-bachelor-of-science
catalog-engineering-bachelor-of-science-in-mechanical-engineering-aeronautical,EN,الهندسة,ENGINEERING,بكالوريوس العلوم في الهندسة الميكانيكية (طيران),Bachelor of Science in Mechanical Engineering (Aeronautical),bachelor,True,rendered_html_embedded_structured_data,12,68,True,True,True,True,16/07/2026,medium,requires_manual_review,https://kau.edu.sa/ar/programs/mechanical-engineering-aeronautical-bachelor-of-science,https://kau.edu.sa/en/programs/mechanical-engineering-aeronautical-bachelor-of-science
catalog-engineering-bachelor-of-science-in-mechanical-engineering-thermal-engineering-and-,EN,الهندسة,ENGINEERING,بكالوريوس العلوم في الهندسة الميكانيكية (الهندسة الحرارية وتقنيات تحلية المياه),Bachelor of Science in Mechanical Engineering (Thermal Engineering and Desalination Technology),bachelor,True,rendered_html_embedded_structured_data,13,80,True,True,True,False,15/07/2026,medium,requires_manual_review,https://kau.edu.sa/ar/programs/mechanical-engineering-thermal-engineering-and-desalination-technology-bachelor-of-science,https://kau.edu.sa/en/programs/mechanical-engineering-thermal-engineering-and-desalination-technology-bachelor-of-science
catalog-engineering-bachelor-of-science-in-mining-engineering,EN,الهندسة,ENGINEERING,بكالوريوس العلوم في هندسة التعدين,Bachelor of Science in Mining Engineering,bachelor,True,rendered_html_embedded_structured_data,13,66,True,True,True,True,,medium,requires_manual_review,https://kau.edu.sa/ar/programs/mining-engineering-bachelor-of-science,https://kau.edu.sa/en/programs/mining-engineering-bachelor-of-science
catalog-bachelor-of-science-in-hydrology-and-water-resources-management,FE,العلوم البيئية,ENVIRONMENTAL SCIENCES,البكالوريوس في علوم وإدارة موارد المياه,Bachelor of Science in Hydrology and Water Resources Management,bachelor,True,rendered_html_embedded_structured_data,10,85,True,True,True,True,07/07/2026,medium,requires_manual_review,https://kau.edu.sa/ar/programs/bachelor-of-science-in-hydrology-and-water-resources-management,https://kau.edu.sa/en/programs/bachelor-of-science-in-hydrology-and-water-resources-management
catalog-bachelor-of-science-in-meteorology,FE,العلوم البيئية,ENVIRONMENTAL SCIENCES,بكالوريوس العلوم في الأرصاد,Bachelor of Science in Meteorology,bachelor,True,rendered_html_embedded_structured_data,10,104,True,True,True,True,,medium,requires_manual_review,https://kau.edu.sa/ar/programs/bachelor-of-science-in-meteorology,https://kau.edu.sa/en/programs/bachelor-of-science-in-meteorology
catalog-bachelor-of-science-in-computer-science,IT,الحاسبات وتقنية المعلومات,computing & information tech.,بكالوريوس العلوم في علوم الحاسبات,Bachelor of Science in Computer Science,bachelor,True,rendered_html_embedded_structured_data,10,50,True,True,True,True,,medium,requires_manual_review,https://kau.edu.sa/ar/programs/bachelor-of-science-in-computer-science,https://kau.edu.sa/en/programs/bachelor-of-science-in-computer-science
catalog-nautical-science,MS,الدراسات البحرية,maritime studies,بكالوريوس الملاحة البحرية,Bachelor of Nautical Science,bachelor,True,rendered_html_embedded_structured_data,11,87,True,True,True,True,,medium,requires_manual_review,https://kau.edu.sa/ar/programs/nautical-science,https://kau.edu.sa/en/programs/nautical-science
catalog-human-resource-management,RB,الاعمال - رابغ,business-rabigh,بكالوريوس إدارة الموارد البشرية,HUMAN RESOURCE MANAGEMENT,bachelor,True,rendered_html_embedded_structured_data,10,85,True,True,True,True,13/07/2026,medium,requires_manual_review,https://kau.edu.sa/ar/programs/human-resource-management,https://kau.edu.sa/en/programs/human-resource-management
catalog-law,RB,الاعمال - رابغ,business-rabigh,بكالوريوس القانون,LAW,bachelor,True,rendered_html_embedded_structured_data,10,74,True,True,True,True,14/07/2026,medium,requires_manual_review,https://kau.edu.sa/ar/programs/law,https://kau.edu.sa/en/programs/law
catalog-markting,RB,الاعمال - رابغ,business-rabigh,بكالوريوس  التسويق,MARKTING,bachelor,True,rendered_html_embedded_structured_data,10,74,True,True,True,True,12/07/2026,medium,requires_manual_review,https://kau.edu.sa/ar/programs/markting,https://kau.edu.sa/en/programs/markting
catalog-english,RS,العلوم و الآداب - رابغ,science&arts-rabigh,بكالوريوس الآداب في اللغة الإنجليزية,Bachelor of Arts in English Language,bachelor,True,rendered_html_embedded_structured_data,15,127,True,True,True,True,24/06/2026,medium,requires_manual_review,https://kau.edu.sa/ar/programs/english,https://kau.edu.sa/en/programs/english
catalog-bachelor-event-management,TU,السياحة,tourism,بكالوريوس إدارة الفعاليات والمناسبات,Bachelor Event Management,bachelor,True,rendered_html_embedded_structured_data,12,111,True,True,False,False,,medium,requires_manual_review,https://kau.edu.sa/ar/programs/bachelor-event-management,https://kau.edu.sa/en/programs/bachelor-event-management
catalog-bachelor-of-sharia,AH,الآداب و العلوم الإنسانية,Arts and Humanities,البكالوريوس في الشريعة,Bachelor of Sharia,bachelor,True,rendered_html_embedded_structured_data,18,206,True,False,True,True,13/07/2026,low,insufficient_data,https://kau.edu.sa/ar/programs/bachelor-of-sharia,https://kau.edu.sa/en/programs/bachelor-of-sharia
catalog-applied-medica-sciences-bachelor-of-medical-laboratory-sciences,AM,العلوم الطبية التطبيقية,Applied Medica.Sciences,بكلوريوس علوم المختبرات الطبية,Bachelor of Medical Laboratory Sciences,bachelor,True,rendered_html_embedded_structured_data,6,45,True,False,True,True,14/06/2026,low,insufficient_data,https://kau.edu.sa/ar/programs/medical-laboratory-sciences,https://kau.edu.sa/en/programs/medical-laboratory-sciences
catalog-applied-medica-sciences-bachelor-of-radiologic-sciences,AM,العلوم الطبية التطبيقية,Applied Medica.Sciences,بكالوريوس علوم الأشعة,Bachelor of Radiologic Sciences,bachelor,True,rendered_html_embedded_structured_data,8,54,True,False,True,False,14/06/2026,low,insufficient_data,https://kau.edu.sa/ar/programs/radiologic-sciences,https://kau.edu.sa/en/programs/radiologic-sciences
catalog-architecture-and-planning-bachelor-of-landscape-architecture,AP,العمارة والتخطيط,ARCHITECTURE AND PLANNING,بكالوريوس عمارة البيئة,Bachelor of Landscape Architecture,bachelor,True,rendered_html_embedded_structured_data,12,81,True,False,True,True,08/02/2026,low,insufficient_data,https://kau.edu.sa/ar/programs/bachelor-of-landscape-architecture,https://kau.edu.sa/en/programs/bachelor-of-landscape-architecture
catalog-bachelor-of-marketing-communication-program,CM,الاتصال والإعلام,communications&media,برنامج بكالوريوس الاتصال التسويقي,Bachelor of Marketing Communication Program,bachelor,True,rendered_html_embedded_structured_data,8,44,True,False,True,True,,low,insufficient_data,https://kau.edu.sa/ar/programs/bachelor-of-marketing-communication-program,https://kau.edu.sa/en/programs/bachelor-of-marketing-communication-program
catalog-bachelor-of-public-relations-program,CM,الاتصال والإعلام,communications&media,برنامج بكالوريوس العلاقات العامة,Bachelor of Public Relations Program,bachelor,True,rendered_html_embedded_structured_data,8,44,True,False,True,True,14/07/2026,low,insufficient_data,https://kau.edu.sa/ar/programs/bachelor-of-public-relations-program,https://kau.edu.sa/en/programs/bachelor-of-public-relations-program
catalog-bachelor-fashion-and-textile-technology,HD,علوم الإنسان والتصاميم,HUMAN SCIENCES AND DESIGN,بكالوريوس تكنولوجيا الأزياء والنسيج,Bachelor Fashion and Textile Technology,bachelor,True,rendered_html_embedded_structured_data,10,83,True,False,True,True,,low,insufficient_data,https://kau.edu.sa/ar/programs/bachelor-fashion-and-textile-technology,https://kau.edu.sa/en/programs/bachelor-fashion-and-textile-technology
catalog-food-and-nutrition,HD,علوم الإنسان والتصاميم,HUMAN SCIENCES AND DESIGN,بكالوريوس الغذاء والتغذية,Bachelor Food and Nutrition,bachelor,True,rendered_html_embedded_structured_data,10,81,True,False,True,True,05/07/2026,low,insufficient_data,https://kau.edu.sa/ar/programs/food-and-nutrition,https://kau.edu.sa/en/programs/food-and-nutrition
catalog-bachelor-of-fashion-industry-for-individuals-with-severe-hearing-disabilities,HD,علوم الإنسان والتصاميم,HUMAN SCIENCES AND DESIGN,بكالوريوس صناعة الأزياء لذوى الإعاقة السمعية الشديدة,Bachelor of Fashion Industry for Individuals with Severe Hearing Disabilities,bachelor,True,rendered_html_embedded_structured_data,10,80,True,False,True,True,13/07/2026,low,insufficient_data,https://kau.edu.sa/ar/programs/bachelor-of-fashion-industry-for-individuals-with-severe-hearing-disabilities,https://kau.edu.sa/en/programs/bachelor-of-fashion-industry-for-individuals-with-severe-hearing-disabilities
catalog-engineering-rabigh-electrical-engineering,RE,الهندسة - رابغ,engineering-rabigh,الهندسة الكهربائية,Electrical Engineering,bachelor,True,rendered_html_embedded_structured_data,16,201,True,False,True,True,,low,insufficient_data,https://kau.edu.sa/ar/programs/electrical-engineering,https://kau.edu.sa/en/programs/electrical-engineering
catalog-engineering-rabigh-industrial-engineering,RE,الهندسة - رابغ,engineering-rabigh,الهندسة الصناعية,Industrial Engineering,bachelor,True,rendered_html_embedded_structured_data,16,177,True,False,True,True,24/06/2026,low,insufficient_data,https://kau.edu.sa/ar/programs/industrial-engineering,https://kau.edu.sa/en/programs/industrial-engineering
catalog-engineering-rabigh-mechanical-engineering,RE,الهندسة - رابغ,engineering-rabigh,الهندسة الميكانيكية,Mechanical Engineering,bachelor,True,rendered_html_embedded_structured_data,15,159,True,False,True,True,,low,insufficient_data,https://kau.edu.sa/ar/programs/mechanical-engineering,https://kau.edu.sa/en/programs/mechanical-engineering
catalog-tourism-travel-and-tourism-management,TU,السياحة,tourism,بكالوريوس إدارة السفر والسياحة,Bachelor of Travel and Tourism Management,bachelor,True,rendered_html_embedded_structured_data,12,113,True,False,True,False,13/07/2026,low,insufficient_data,https://kau.edu.sa/ar/programs/bachelor-of-travel-and-tourism-management,https://kau.edu.sa/en/programs/bachelor-of-travel-and-tourism-management
catalog-engineering-bachelor-of-science-in-electrical-engineering-power-and-machines,EN,الهندسة,ENGINEERING,بكالوريوس العلوم في الهندسة الكهربائية (قوى و آلات),Bachelor of Science in Electrical Engineering (Power and Machines),bachelor,False,rendered_html_embedded_structured_data,0,0,False,False,False,False,29/01/2026,high,no_plan_found,https://kau.edu.sa/ar/programs/electrical-engineering-power-and-machines-bachelor-of-science,https://kau.edu.sa/en/programs/electrical-engineering-power-and-machines-bachelor-of-science
ri-bachelor-computer-science,RI,الحاسبات وتقنية المعلومات-رابغ,computing&inform.techn.-rabigh,بكالوريوس علوم الحاسبات,Bachelor of Computer Science,bachelor,False,,0,0,False,False,False,False,,high,no_plan_found,https://kau.edu.sa/faculty/ar/computing-it-rabigh,https://kau.edu.sa/faculty/en/computing-it-rabigh
ri-bachelor-information-systems,RI,الحاسبات وتقنية المعلومات-رابغ,computing&inform.techn.-rabigh,بكالوريوس نظم المعلومات,Bachelor of Information Systems,bachelor,False,,0,0,False,False,False,False,,high,no_plan_found,https://kau.edu.sa/faculty/ar/computing-it-rabigh,https://kau.edu.sa/faculty/en/computing-it-rabigh
ri-bachelor-information-technology,RI,الحاسبات وتقنية المعلومات-رابغ,computing&inform.techn.-rabigh,بكالوريوس تقنية المعلومات,Bachelor of Information Technology,bachelor,False,,0,0,False,False,False,False,,high,no_plan_found,https://kau.edu.sa/faculty/ar/computing-it-rabigh,https://kau.edu.sa/faculty/en/computing-it-rabigh
catalog-arabic-language-diploma-for-non-native-speakers,AI,معهد اللغة العربية للناطقين بغيرها,Arabic Language Institute for Non-Native Speakers,دبلوم اللغة العربية للناطقين بغيرها,Arabic Language Diploma for Non-Native Speakers,diploma,True,rendered_html_embedded_structured_data,4,16,True,True,True,False,08/07/2026,high,ready_to_import,https://kau.edu.sa/ar/programs/arabic-language-diploma-for-non-native-speakers,https://kau.edu.sa/en/programs/arabic-language-diploma-for-non-native-speakers
catalog-associate-diploma-in-applications-development,AL,التطبيقية,APPLIED,الدبلوم المشارك في تطوير التطبيقات,Associate Diploma in Applications Development,intermediate_diploma,True,rendered_html_embedded_structured_data,2,10,True,True,True,False,03/07/2026,high,ready_to_import,https://kau.edu.sa/ar/programs/associate-diploma-in-applications-development,https://kau.edu.sa/en/programs/associate-diploma-in-applications-development
catalog-general-associate-diploma-in-digital-transformation,AL,التطبيقية,APPLIED,الدبلوم المشارك في التحول الرقمي,General Associate Diploma in  Digital Transformation,intermediate_diploma,True,rendered_html_embedded_structured_data,2,10,True,True,True,False,06/07/2026,high,ready_to_import,https://kau.edu.sa/ar/programs/general-associate-diploma-in-digital-transformation,https://kau.edu.sa/en/programs/general-associate-diploma-in-digital-transformation
catalog-general-intermediate-diploma-in-applied-computing-and-network-technologies,AL,التطبيقية,APPLIED,الدبلوم المتوسط في الحوسبة التطبيقية وتقنيات الشبكات,General Intermediate Diploma In Applied Computing and Network Technologies,intermediate_diploma,True,rendered_html_embedded_structured_data,4,21,True,True,True,False,03/07/2026,high,ready_to_import,https://kau.edu.sa/ar/programs/general-intermediate-diploma-in-applied-computing-and-network-technologies,https://kau.edu.sa/en/programs/general-intermediate-diploma-in-applied-computing-and-network-technologies
catalog-general-intermediate-diploma-in-law,AL,التطبيقية,APPLIED,الدبلوم المتوسط في القانون,General Intermediate Diploma in Law,intermediate_diploma,True,rendered_html_embedded_structured_data,4,20,True,True,True,False,08/07/2026,high,ready_to_import,https://kau.edu.sa/ar/programs/general-intermediate-diploma-in-law,https://kau.edu.sa/en/programs/general-intermediate-diploma-in-law
catalog-intermediate-diploma-in-cybersecurity-distance,AL,التطبيقية,APPLIED,(عن بعد)الدبلوم المتوسط في الأمن السيبراني,Intermediate Diploma in Cybersecurity (Distance),intermediate_diploma,True,rendered_html_embedded_structured_data,4,20,True,True,True,False,08/07/2026,high,ready_to_import,https://kau.edu.sa/ar/programs/intermediate-diploma-in-cybersecurity-distance,https://kau.edu.sa/en/programs/intermediate-diploma-in-cybersecurity-distance
catalog-intermediate-diploma-in-data-science,AL,التطبيقية,APPLIED,الدبلوم المتوسط في علم البيانات,Intermediate Diploma in Data Science,intermediate_diploma,True,rendered_html_embedded_structured_data,4,20,True,True,True,False,03/07/2026,high,ready_to_import,https://kau.edu.sa/ar/programs/intermediate-diploma-in-data-science,https://kau.edu.sa/en/programs/intermediate-diploma-in-data-science
catalog-higher-diploma-in-administrative-law,LA,الحقوق,LAW,الدبلوم العالي في القانون الإداري,Higher Diploma in Administrative Law,diploma,True,rendered_html_embedded_structured_data,4,22,True,True,True,True,08/07/2026,medium,requires_manual_review,https://kau.edu.sa/ar/programs/higher-diploma-in-administrative-law,https://kau.edu.sa/en/programs/higher-diploma-in-administrative-law
catalog-associate-diploma-in-culinary-arts,TU,السياحة,tourism,الدبلوم المشارك في فنون الطهي,Associate Diploma in Culinary Arts,intermediate_diploma,True,rendered_html_embedded_structured_data,3,22,True,True,False,False,14/07/2026,medium,requires_manual_review,https://kau.edu.sa/ar/programs/associate-diploma-in-culinary-arts,https://kau.edu.sa/en/programs/associate-diploma-in-culinary-arts
catalog-associate-diploma-in-tourism-guidance,AH,الآداب و العلوم الإنسانية,Arts and Humanities,الدبلوم المشارك في الإرشاد السياحي,Associate Diploma in Tourism Guidance,diploma,True,rendered_html_embedded_structured_data,2,10,True,False,True,False,28/06/2026,low,insufficient_data,https://kau.edu.sa/ar/programs/associate-diploma-in-tourism-guidance,https://kau.edu.sa/en/programs/associate-diploma-in-tourism-guidance
catalog-associate-diploma-in-graphical-design,AL,التطبيقية,APPLIED,الدبلوم المشارك في التصميم الرقمي,Associate Diploma in Graphical Design,intermediate_diploma,True,rendered_html_embedded_structured_data,2,10,True,False,False,False,28/06/2026,low,insufficient_data,https://kau.edu.sa/ar/programs/associate-diploma-in-graphical-design,https://kau.edu.sa/en/programs/associate-diploma-in-graphical-design
catalog-intermediate-diploma-in-cybersecurity,AL,التطبيقية,APPLIED,الدبلوم المتوسط في الأمن السيبراني,Intermediate Diploma in Cybersecurity,intermediate_diploma,True,rendered_html_embedded_structured_data,4,20,True,False,True,False,14/07/2026,low,insufficient_data,https://kau.edu.sa/ar/programs/intermediate-diploma-in-cybersecurity,https://kau.edu.sa/en/programs/intermediate-diploma-in-cybersecurity
catalog-associate-diploma-in-crisis-and-disaster-management,ER,علوم الارض,Faculty of Earth Sciences,الدبلوم المشارك في ادارة الأزمات والكوارث,Associate Diploma in Crisis and Disaster Management,intermediate_diploma,True,rendered_html_embedded_structured_data,2,11,True,False,False,False,28/06/2026,low,insufficient_data,https://kau.edu.sa/ar/programs/associate-diploma-in-crisis-and-disaster-management,https://kau.edu.sa/en/programs/associate-diploma-in-crisis-and-disaster-management
catalog-masters-in-arabic-for-non-native-speakers,AI,معهد اللغة العربية للناطقين بغيرها,Arabic Language Institute for Non-Native Speakers,ماجستير اللغة العربية للناطقين بغيرها,Master's in Arabic for Non-Native Speakers,master,True,rendered_html_embedded_structured_data,4,15,True,True,True,False,08/07/2026,high,ready_to_import,https://kau.edu.sa/ar/programs/masters-in-arabic-for-non-native-speakers,https://kau.edu.sa/en/programs/masters-in-arabic-for-non-native-speakers
catalog-executive-master-in-digital-media,CM,الاتصال والإعلام,communications&media,برنامج الماجستيرالتنفيذي في الإعلام الرقمي,Executive Master in Digital Media,executive_master,True,rendered_html_embedded_structured_data,4,14,True,True,True,False,15/07/2026,high,ready_to_import,https://kau.edu.sa/ar/programs/executive-master-in-digital-media,https://kau.edu.sa/en/programs/executive-master-in-digital-media
catalog-business-economics,EA,الاقتصاد والادارة,economics and administration,ماجستير ‏اقتصاديات الأعمال التنفيذي,Business Economics,executive_master,True,rendered_html_embedded_structured_data,4,10,True,True,False,False,12/07/2026,high,ready_to_import,https://kau.edu.sa/ar/programs/business-economics,https://kau.edu.sa/en/programs/business-economics
catalog-executive-master-in-human-resource-management,EA,الاقتصاد والادارة,economics and administration,الماجستير التنفيذي في إدارة الموارد البشرية,Executive Master in Human Resource Management,executive_master,True,rendered_html_embedded_structured_data,4,11,True,True,True,False,12/07/2026,high,ready_to_import,https://kau.edu.sa/ar/programs/executive-master-in-human-resource-management,https://kau.edu.sa/en/programs/executive-master-in-human-resource-management
catalog-executive-master-in-internal-auditing,EA,الاقتصاد والادارة,economics and administration,الماجستير التنفيذي في المراجعة الداخلية,Executive Master in Internal Auditing,executive_master,True,rendered_html_embedded_structured_data,4,11,True,True,False,True,12/07/2026,high,ready_to_import,https://kau.edu.sa/ar/programs/executive-master-in-internal-auditing,https://kau.edu.sa/en/programs/executive-master-in-internal-auditing
catalog-executive-master-in-public-policy,EA,الاقتصاد والادارة,economics and administration,ماجستير السياسة العامة التنفيذي,Executive Master in Public Policy,executive_master,True,rendered_html_embedded_structured_data,4,13,True,True,True,False,12/07/2026,high,ready_to_import,https://kau.edu.sa/ar/programs/executive-master-in-public-policy,https://kau.edu.sa/en/programs/executive-master-in-public-policy
catalog-executive-master-of-health-administration-emha,EA,الاقتصاد والادارة,economics and administration,الماجستير التنفيذي في الإدارة الصحية,Executive Master of Health Administration (EMHA),executive_master,True,rendered_html_embedded_structured_data,4,15,True,True,False,False,12/07/2026,high,ready_to_import,https://kau.edu.sa/ar/programs/executive-master-of-health-administration-emha,https://kau.edu.sa/en/programs/executive-master-of-health-administration-emha
catalog-information-systems-management-and-digitalization,EA,الاقتصاد والادارة,economics and administration,ماجستير إدارة نظم المعلومات والرقمنة التنفيذي,Information Systems Management and Digitalization,executive_master,True,rendered_html_embedded_structured_data,4,14,True,True,True,False,12/07/2026,high,ready_to_import,https://kau.edu.sa/ar/programs/information-systems-management-and-digitalization,https://kau.edu.sa/en/programs/information-systems-management-and-digitalization
catalog-master-of-public-administration-mpa,EA,الاقتصاد والادارة,economics and administration,ماجستير الإدارة العامة الأكاديمي,Master of Public Administration (MPA),master,True,rendered_html_embedded_structured_data,4,11,True,True,False,True,12/07/2026,high,ready_to_import,https://kau.edu.sa/ar/programs/master-of-public-administration-mpa,https://kau.edu.sa/en/programs/master-of-public-administration-mpa
catalog-master-of-science-in-health-services-and-hospital-administration-ms-hsha,EA,الاقتصاد والادارة,economics and administration,ماجستير العلوم في إدارة الخدمات الصحية والمستشفيات,Master of Science in Health Services and Hospital Administration (MS-HSHA),master,True,rendered_html_embedded_structured_data,4,11,True,True,False,True,12/07/2026,high,ready_to_import,https://kau.edu.sa/ar/programs/master-of-science-in-health-services-and-hospital-administration-ms-hsha,https://kau.edu.sa/en/programs/master-of-science-in-health-services-and-hospital-administration-ms-hsha
catalog-master-of-science-in-engineering-management,EN,الهندسة,ENGINEERING,ماجستير العلوم في الإدارة الهندسية,Master of Science in Engineering Management,executive_master,True,rendered_html_embedded_structured_data,4,14,True,True,False,False,01/04/2026,high,ready_to_import,https://kau.edu.sa/ar/programs/master-of-science-in-engineering-management,https://kau.edu.sa/en/programs/master-of-science-in-engineering-management
catalog-master-of-science-in-nuclear-engineering,EN,الهندسة,ENGINEERING,ماجستير العلوم في الهندسة النووية,Master of Science in Nuclear Engineering,master,True,rendered_html_embedded_structured_data,5,16,True,True,False,False,08/07/2026,high,ready_to_import,https://kau.edu.sa/ar/programs/master-of-science-in-nuclear-engineering,https://kau.edu.sa/en/programs/master-of-science-in-nuclear-engineering
catalog-masters-in-geophysics-by-coursework-and-research-project,ER,علوم الارض,Faculty of Earth Sciences,ماجستير الجيوفيزياء بالمقررات الدراسية و المشروع البحثي,Master's in Geophysics by coursework and research project,master,True,rendered_html_embedded_structured_data,2,26,True,True,False,False,10/07/2026,high,ready_to_import,https://kau.edu.sa/ar/programs/masters-in-geophysics-by-coursework-and-research-project,https://kau.edu.sa/en/programs/masters-in-geophysics-by-coursework-and-research-project
catalog-master-of-science-in-environmental-science,FE,العلوم البيئية,ENVIRONMENTAL SCIENCES,ماجستير العلوم في علوم البيئة,Master of Science in Environmental Science,master,True,rendered_html_embedded_structured_data,2,34,True,True,False,False,08/07/2026,high,ready_to_import,https://kau.edu.sa/ar/programs/master-of-science-in-environmental-science,https://kau.edu.sa/en/programs/master-of-science-in-environmental-science
catalog-master-of-science-in-hydrology-and-water-resources-management,FE,العلوم البيئية,ENVIRONMENTAL SCIENCES,الماجستير في علوم وإدارة موارد المياه,Master of Science in Hydrology and Water Resources Management.,master,True,rendered_html_embedded_structured_data,2,28,True,True,False,True,07/07/2026,high,ready_to_import,https://kau.edu.sa/ar/programs/master-of-science-in-hydrology-and-water-resources-management,https://kau.edu.sa/en/programs/master-of-science-in-hydrology-and-water-resources-management
catalog-master-of-science-in-meteorology,FE,العلوم البيئية,ENVIRONMENTAL SCIENCES,ماجستير العلوم في الأرصاد,Master of Science in Meteorology,master,True,rendered_html_embedded_structured_data,2,22,True,True,False,True,06/07/2026,high,ready_to_import,https://kau.edu.sa/ar/programs/master-of-science-in-meteorology,https://kau.edu.sa/en/programs/master-of-science-in-meteorology
catalog-master-of-computer-information-systems,IT,الحاسبات وتقنية المعلومات,computing & information tech.,ماجستير العلوم في نظم المعلومات الحاسوبية,Master of Science in Information Systems,master,True,rendered_html_embedded_structured_data,4,11,True,True,False,True,14/07/2026,high,ready_to_import,https://kau.edu.sa/ar/programs/master-of-computer-information-systems,https://kau.edu.sa/en/programs/master-of-computer-information-systems
catalog-professional-master-in-artificial-intelligence,IT,الحاسبات وتقنية المعلومات,computing & information tech.,الماجستير المهني في الذكاء الاصطناعي,Professional Master of Science in Artificial Intelligence,executive_master,True,rendered_html_embedded_structured_data,4,8,True,True,True,True,14/07/2026,high,ready_to_import,https://kau.edu.sa/ar/programs/professional-master-in-artificial-intelligence,https://kau.edu.sa/en/programs/professional-master-in-artificial-intelligence
catalog-academic-general-master-of-public-law,LA,الحقوق,LAW,برنامج الماجستير في القانون العام,Academic General Master of Public Law,master,True,rendered_html_embedded_structured_data,4,10,True,True,True,True,08/07/2026,high,ready_to_import,https://kau.edu.sa/ar/programs/academic-general-master-of-public-law,https://kau.edu.sa/en/programs/academic-general-master-of-public-law
catalog-masters-in-marine-chemistry,MR,علوم البحار,marine sciences,الماجستير في الكيمياء البحرية,Master's in Marine Chemistry,master,True,rendered_html_embedded_structured_data,4,10,True,True,False,False,11/07/2026,high,ready_to_import,https://kau.edu.sa/ar/programs/masters-in-marine-chemistry,https://kau.edu.sa/en/programs/masters-in-marine-chemistry
catalog-masters-in-marine-geology,MR,علوم البحار,marine sciences,الماجستير في الجيولوجيا البحرية,Master's in Marine Geology,master,True,rendered_html_embedded_structured_data,4,9,True,True,False,False,14/07/2026,high,ready_to_import,https://kau.edu.sa/ar/programs/masters-in-marine-geology,https://kau.edu.sa/en/programs/masters-in-marine-geology
catalog-masters-in-marine-physics,MR,علوم البحار,marine sciences,الماجستير في الفيزياء البحرية,Master's in Marine Physics,master,True,rendered_html_embedded_structured_data,4,9,True,True,False,False,12/07/2026,high,ready_to_import,https://kau.edu.sa/ar/programs/masters-in-marine-physics,https://kau.edu.sa/en/programs/masters-in-marine-physics
catalog-executive-master-of-science-in-moderation-and-intellectual-security,PK,معهد الأميرخالدالفيصل للإعتدال,PNC KHALED AL-FAISAL FOR MOD.,برنامج الماجستير التنفيذي في الاعتدال والأمن الفكري,Executive Master of Science in Moderation and Intellectual Security,executive_master,True,rendered_html_embedded_structured_data,4,18,True,True,False,False,10/07/2026,high,ready_to_import,https://kau.edu.sa/ar/programs/executive-master-of-science-in-moderation-and-intellectual-security,https://kau.edu.sa/en/programs/executive-master-of-science-in-moderation-and-intellectual-security
catalog-literary-in-english-language,AH,الآداب و العلوم الإنسانية,Arts and Humanities,البكالوريوس في اللغة الانجليزية,Bachelor in English Language,master,True,rendered_html_embedded_structured_data,10,22,True,True,True,False,,medium,requires_manual_review,https://kau.edu.sa/ar/programs/literary-in-english-language,https://kau.edu.sa/en/programs/literary-in-english-language
catalog-master-in-applied-linguistics,AH,الآداب و العلوم الإنسانية,Arts and Humanities,الماجستير في اللغويات التطبيقية,Master in Applied Linguistics,master,True,rendered_html_embedded_structured_data,8,32,True,True,True,True,08/07/2026,medium,requires_manual_review,https://kau.edu.sa/ar/programs/master-in-applied-linguistics,https://kau.edu.sa/en/programs/master-in-applied-linguistics
catalog-master-of-arabic-language,AH,الآداب و العلوم الإنسانية,Arts and Humanities,الماجستير في اللغة العربية,Master of Arabic Language,master,True,rendered_html_embedded_structured_data,15,52,True,True,True,True,08/07/2026,medium,requires_manual_review,https://kau.edu.sa/ar/programs/master-of-arabic-language,https://kau.edu.sa/en/programs/master-of-arabic-language
catalog-master-of-geography,AH,الآداب و العلوم الإنسانية,Arts and Humanities,الماجستير في الجغرافيا,Master of Geography,master,True,rendered_html_embedded_structured_data,9,22,True,True,True,False,09/07/2026,medium,requires_manual_review,https://kau.edu.sa/ar/programs/master-of-geography,https://kau.edu.sa/en/programs/master-of-geography
catalog-psychology,AH,الآداب و العلوم الإنسانية,Arts and Humanities,الماجستير في علم النفس,Master of Psychology,master,True,rendered_html_embedded_structured_data,6,1,True,True,False,False,14/07/2026,medium,requires_manual_review,https://kau.edu.sa/ar/programs/psychology,https://kau.edu.sa/en/programs/psychology
catalog-master-of-sharia-islamic-studies,AH,الآداب و العلوم الإنسانية,Arts and Humanities,الماجستير في الدراسات القضائية,Master of Sharia & Islamic Studies,master,True,rendered_html_embedded_structured_data,6,39,True,True,True,False,14/07/2026,medium,requires_manual_review,https://kau.edu.sa/ar/programs/master-of-sharia-islamic-studies,https://kau.edu.sa/en/programs/master-of-sharia-islamic-studies
catalog-master-of-fiqh-principles,AH,الآداب و العلوم الإنسانية,Arts and Humanities,الماجستير في الفقه وأصوله,Master's Program in Fiqh and Usul al-Fiqh,master,True,rendered_html_embedded_structured_data,6,31,True,True,True,True,13/07/2026,medium,requires_manual_review,https://kau.edu.sa/ar/programs/master-of-fiqh-principles,https://kau.edu.sa/en/programs/master-of-fiqh-principles
catalog-master-in-islamic-creed,AH,الآداب و العلوم الإنسانية,Arts and Humanities,الماجستير في العقيدة,Master's Program in Islamic Creed (Aqidah),master,True,rendered_html_embedded_structured_data,6,36,True,True,True,False,14/07/2026,medium,requires_manual_review,https://kau.edu.sa/ar/programs/master-in-islamic-creed,https://kau.edu.sa/en/programs/master-in-islamic-creed
catalog-master-of-quran-sunnah,AH,الآداب و العلوم الإنسانية,Arts and Humanities,الماجستير في الكتاب والسنة,Master's Program in the Qur'an and Sunnah Sciences,master,True,rendered_html_embedded_structured_data,6,35,True,True,True,False,14/07/2026,medium,requires_manual_review,https://kau.edu.sa/ar/programs/master-of-quran-sunnah,https://kau.edu.sa/en/programs/master-of-quran-sunnah
catalog-phd-of-fiqh,AH,الآداب و العلوم الإنسانية,Arts and Humanities,دكتوراه الفلسفة في الفقه,PhD in Islamic Jurisprudence (Fiqh),master,True,rendered_html_embedded_structured_data,5,16,True,True,True,False,14/07/2026,medium,requires_manual_review,https://kau.edu.sa/ar/programs/phd-of-fiqh,https://kau.edu.sa/en/programs/phd-of-fiqh
catalog-academic-masters-program-in-communication-and-media,CM,الاتصال والإعلام,communications&media,الماجستير الأكاديمي في الاتصال والإعلام,Academic Master's Program in Communication and Media,master,True,rendered_html_embedded_structured_data,8,35,True,True,True,True,06/07/2026,medium,requires_manual_review,https://kau.edu.sa/ar/programs/academic-masters-program-in-communication-and-media,https://kau.edu.sa/en/programs/academic-masters-program-in-communication-and-media
catalog-professional-master-in-public-relations,CM,الاتصال والإعلام,communications&media,برنامج الماجستيرالمهني في العلاقات العامة,Professional Master in Public Relations,executive_master,True,rendered_html_embedded_structured_data,6,19,True,True,True,True,15/07/2026,medium,requires_manual_review,https://kau.edu.sa/ar/programs/professional-master-in-public-relations,https://kau.edu.sa/en/programs/professional-master-in-public-relations
catalog-master-of-science-in-dental-public-health,DN,طب الأسنان,dentistry,ماجستير العلوم في الصحة العامة للأسنان,Master of Science in Dental Public Health,master,True,rendered_html_embedded_structured_data,8,48,True,True,True,False,13/07/2026,medium,requires_manual_review,https://kau.edu.sa/ar/programs/master-of-science-in-dental-public-health,https://kau.edu.sa/en/programs/master-of-science-in-dental-public-health
catalog-master-of-science-in-endodontics,DN,طب الأسنان,dentistry,ماجستير العلوم في علاج الجذور ولب الأسنان,Master of Science in Endodontics,master,True,rendered_html_embedded_structured_data,5,27,True,True,True,False,14/07/2026,medium,requires_manual_review,https://kau.edu.sa/ar/programs/master-of-science-in-endodontics,https://kau.edu.sa/en/programs/master-of-science-in-endodontics
catalog-msc-in-orthodontics,DN,طب الأسنان,dentistry,ماجستير العلوم في تقويم الأسنان,Master of Science in Orthodontics,master,True,rendered_html_embedded_structured_data,8,55,True,True,True,False,15/07/2026,medium,requires_manual_review,https://kau.edu.sa/ar/programs/msc-in-orthodontics,https://kau.edu.sa/en/programs/msc-in-orthodontics
catalog-master-of-science-in-pediatric-dentistry,DN,طب الأسنان,dentistry,ماجستير العلوم في طب أسنان الأطفال,Master of Science in Pediatric Dentistry,master,True,rendered_html_embedded_structured_data,8,81,True,True,True,False,14/07/2026,medium,requires_manual_review,https://kau.edu.sa/ar/programs/master-of-science-in-pediatric-dentistry,https://kau.edu.sa/en/programs/master-of-science-in-pediatric-dentistry
catalog-masters-of-science-in-prosthodontics,DN,طب الأسنان,dentistry,ماجستير العلوم في الاستعاضة السنية,Masters of Science in Prosthodontics,master,True,rendered_html_embedded_structured_data,8,76,True,True,True,False,15/07/2026,medium,requires_manual_review,https://kau.edu.sa/ar/programs/masters-of-science-in-prosthodontics,https://kau.edu.sa/en/programs/masters-of-science-in-prosthodontics
catalog-executive-master-of-business-administration,EA,الاقتصاد والادارة,economics and administration,ماجستير ادارة الأعمال التنفيذي,Executive Master of Business Administration,executive_master,True,rendered_html_embedded_structured_data,4,16,True,True,False,True,,medium,requires_manual_review,https://kau.edu.sa/ar/programs/executive-master-of-business-administration,https://kau.edu.sa/en/programs/executive-master-of-business-administration
catalog-executive-master-of-science-msc-in-strategic-marketing,EA,الاقتصاد والادارة,economics and administration,ماجستير العلوم التنفيذي في التسويق الاستراتيجي,Executive Master of Science (MSc) in Strategic Marketing,executive_master,True,rendered_html_embedded_structured_data,4,12,True,True,False,True,,medium,requires_manual_review,https://kau.edu.sa/ar/programs/executive-master-of-science-msc-in-strategic-marketing,https://kau.edu.sa/en/programs/executive-master-of-science-msc-in-strategic-marketing
catalog-master-of-professional-accounting,EA,الاقتصاد والادارة,economics and administration,الماجستير في المحاسبة المهنية,Master Of Professional Accounting,executive_master,True,rendered_html_embedded_structured_data,4,16,True,True,True,True,12/07/2026,medium,requires_manual_review,https://kau.edu.sa/ar/programs/master-of-professional-accounting,https://kau.edu.sa/en/programs/master-of-professional-accounting
catalog-master-of-applied-finance-and-investment,EA,الاقتصاد والادارة,economics and administration,ماجستير التمويل والاستثمار التطبيقي,Master of Applied Finance and Investment,executive_master,True,rendered_html_embedded_structured_data,4,13,True,True,True,True,12/07/2026,medium,requires_manual_review,https://kau.edu.sa/ar/programs/master-of-applied-finance-and-investment,https://kau.edu.sa/en/programs/master-of-applied-finance-and-investment
catalog-master-of-business-administration-mba,EA,الاقتصاد والادارة,economics and administration,ماجستير ادارة الأعمال الأكاديمي,Master of Business Administration (MBA),master,True,rendered_html_embedded_structured_data,4,14,True,True,True,True,12/07/2026,medium,requires_manual_review,https://kau.edu.sa/ar/programs/master-of-business-administration-mba,https://kau.edu.sa/en/programs/master-of-business-administration-mba
catalog-master-of-science-in-accounting,EA,الاقتصاد والادارة,economics and administration,درجة الماجستير في العلوم  في المحاسبة,Master of Science in Accounting,master,True,rendered_html_embedded_structured_data,6,28,True,True,False,True,12/07/2026,medium,requires_manual_review,https://kau.edu.sa/ar/programs/master-of-science-in-accounting,https://kau.edu.sa/en/programs/master-of-science-in-accounting
catalog-masters-in-academic-economics,EA,الاقتصاد والادارة,economics and administration,ماجستير الاقتصاد الاكاديمي,Master's in Academic Economics,master,True,rendered_html_embedded_structured_data,6,15,True,True,False,True,12/07/2026,medium,requires_manual_review,https://kau.edu.sa/ar/programs/masters-in-academic-economics,https://kau.edu.sa/en/programs/masters-in-academic-economics
catalog-the-executive-master-of-public-administration,EA,الاقتصاد والادارة,economics and administration,ماجستير الإدارة العامة التنفيذي,The Executive Master of Public Administration,executive_master,True,rendered_html_embedded_structured_data,4,14,True,True,False,True,12/07/2026,medium,requires_manual_review,https://kau.edu.sa/ar/programs/the-executive-master-of-public-administration,https://kau.edu.sa/en/programs/the-executive-master-of-public-administration
catalog-master-of-teaching-english-to-speakers-of-other-languages-ma-tesol,EI,معهد اللغة الإنجليزية,English Language Institute,برنامج ماجستير تدريس اللغة الإنجليزية للناطقين بغيرها (MA TESOL),Master of Teaching English to Speakers of Other Languages  (MA TESOL),master,True,rendered_html_embedded_structured_data,8,56,True,True,True,True,01/07/2026,medium,requires_manual_review,https://kau.edu.sa/ar/programs/master-of-teaching-english-to-speakers-of-other-languages-ma-tesol,https://kau.edu.sa/en/programs/master-of-teaching-english-to-speakers-of-other-languages-ma-tesol
catalog-master-of-science-in-engineering-and-environmental-geology,ER,علوم الارض,Faculty of Earth Sciences,برنامج الماجستير في الجيولوجيا الهندسية والبيئية,Master of Science in Engineering and Environmental Geology,master,True,rendered_html_embedded_structured_data,6,44,True,True,True,True,,medium,requires_manual_review,https://kau.edu.sa/ar/programs/master-of-science-in-engineering-and-environmental-geology,https://kau.edu.sa/en/programs/master-of-science-in-engineering-and-environmental-geology
catalog-master-in-arid-land-agriculture,FE,العلوم البيئية,ENVIRONMENTAL SCIENCES,ماجستير في زراعة المناطق الجافة,Master in (Arid Land Agriculture),master,True,rendered_html_embedded_structured_data,6,70,True,True,False,False,,medium,requires_manual_review,https://kau.edu.sa/ar/programs/master-in-arid-land-agriculture,https://kau.edu.sa/en/programs/master-in-arid-land-agriculture
catalog-early-childhood-education,HD,علوم الإنسان والتصاميم,HUMAN SCIENCES AND DESIGN,برنامج الماجستير في التربية/ الطفولة المبكرة,Early Childhood Education,master,True,rendered_html_embedded_structured_data,6,61,True,True,True,True,,medium,requires_manual_review,https://kau.edu.sa/ar/programs/early-childhood-education,https://kau.edu.sa/en/programs/early-childhood-education
catalog-master-of-science-in-fashion-and-textile-msc-in-fashion-and-textile,HD,علوم الإنسان والتصاميم,HUMAN SCIENCES AND DESIGN,ماجستير الأزياء والنسيج,Master of Science in Fashion and Textile (M.Sc. in Fashion and Textile),master,True,rendered_html_embedded_structured_data,5,3,True,True,True,False,15/07/2026,medium,requires_manual_review,https://kau.edu.sa/ar/programs/master-of-science-in-fashion-and-textile-msc-in-fashion-and-textile,https://kau.edu.sa/en/programs/master-of-science-in-fashion-and-textile-msc-in-fashion-and-textile
catalog-master-of-science-in-computer-science,IT,الحاسبات وتقنية المعلومات,computing & information tech.,ماجستير العلوم في علوم الحاسبات,Master of Science in Computer Science,master,True,rendered_html_embedded_structured_data,4,15,True,True,False,True,13/07/2026,medium,requires_manual_review,https://kau.edu.sa/ar/programs/master-of-science-in-computer-science,https://kau.edu.sa/en/programs/master-of-science-in-computer-science
catalog-master-in-information-technology,IT,الحاسبات وتقنية المعلومات,computing & information tech.,ماجستير العلوم في تقنية المعلومات,Master of Science in Information Technology,master,True,rendered_html_embedded_structured_data,4,13,True,True,True,True,,medium,requires_manual_review,https://kau.edu.sa/ar/programs/master-in-information-technology,https://kau.edu.sa/en/programs/master-in-information-technology
catalog-master-of-private-law,LA,الحقوق,LAW,برنامج الماجستير في القانون الخاص,Academic General Master of Private Law,master,True,rendered_html_embedded_structured_data,7,28,True,True,True,True,03/07/2026,medium,requires_manual_review,https://kau.edu.sa/ar/programs/master-of-private-law,https://kau.edu.sa/en/programs/master-of-private-law
catalog-masters-in-law-and-professional-practice,LA,الحقوق,LAW,ماجستير القانون والممارسة المهنية,Master's in law and professional Practice,executive_master,True,rendered_html_embedded_structured_data,6,36,True,True,False,True,03/07/2026,medium,requires_manual_review,https://kau.edu.sa/ar/programs/masters-in-law-and-professional-practice,https://kau.edu.sa/en/programs/masters-in-law-and-professional-practice
catalog-masters-degree-in-hydrographic-surveying,MS,الدراسات البحرية,maritime studies,ماجستير المساحة البحرية,Master's Degree in Hydrographic Surveying,master,True,rendered_html_embedded_structured_data,6,30,True,True,True,True,15/07/2026,medium,requires_manual_review,https://kau.edu.sa/ar/programs/masters-degree-in-hydrographic-surveying,https://kau.edu.sa/en/programs/masters-degree-in-hydrographic-surveying
catalog-master-of-nursing-science-public-health-nursing-community-health-nursing,NR,التمريض,nursing,ماجستيرعلوم التمريض في  تمريض صحة المجتمع,Master of Nursing Science in Community Health Nursing,master,True,rendered_html_embedded_structured_data,6,30,True,True,True,True,09/07/2026,medium,requires_manual_review,https://kau.edu.sa/ar/programs/master-of-nursing-science-public-health-nursing-community-health-nursing,https://kau.edu.sa/en/programs/master-of-nursing-science-public-health-nursing-community-health-nursing
catalog-master-of-nursing-science-in-critical-care-nursing,NR,التمريض,nursing,ماجستير علوم التمريض في تمريض العناية الحرجة,Master of Nursing Science in Critical Care Nursing,master,True,rendered_html_embedded_structured_data,6,26,True,True,True,True,09/07/2026,medium,requires_manual_review,https://kau.edu.sa/ar/programs/master-of-nursing-science-in-critical-care-nursing,https://kau.edu.sa/en/programs/master-of-nursing-science-in-critical-care-nursing
catalog-master-of-nursing-science,NR,التمريض,nursing,برنامج الماجستير في علوم التمريض,Master of Science Nursing Program (MSN),master,True,rendered_html_embedded_structured_data,12,42,True,True,True,True,09/07/2026,medium,requires_manual_review,https://kau.edu.sa/ar/programs/master-of-nursing-science,https://kau.edu.sa/en/programs/master-of-nursing-science
catalog-master-in-biochemistry,SC,العلوم,science,ماجستير في الكيمياء الحيوية,Master in Biochemistry,master,True,rendered_html_embedded_structured_data,6,17,True,True,True,True,14/06/2026,medium,requires_manual_review,https://kau.edu.sa/ar/programs/master-in-biochemistry,https://kau.edu.sa/en/programs/master-in-biochemistry
catalog-executive-master-in-event-management,TU,السياحة,tourism,ماجستير إدارة الفعاليات التنفيذي,Executive Master in Event Management,executive_master,True,rendered_html_embedded_structured_data,6,32,True,True,False,False,12/07/2026,medium,requires_manual_review,https://kau.edu.sa/ar/programs/executive-master-in-event-management,https://kau.edu.sa/en/programs/executive-master-in-event-management
catalog-master-of-history,AH,الآداب و العلوم الإنسانية,Arts and Humanities,الماجستير في التاريخ,Master of History,master,True,rendered_html_embedded_structured_data,8,95,True,False,False,True,09/07/2026,low,insufficient_data,https://kau.edu.sa/ar/programs/master-of-history,https://kau.edu.sa/en/programs/master-of-history
catalog-master-of-information-management,AH,الآداب و العلوم الإنسانية,Arts and Humanities,الماجستير في إدارة المعلومات,Master of Information Management,master,True,rendered_html_embedded_structured_data,7,68,True,False,True,False,09/07/2026,low,insufficient_data,https://kau.edu.sa/ar/programs/master-of-information-management,https://kau.edu.sa/en/programs/master-of-information-management
catalog-master-of-medical-laboratry-technology,AM,العلوم الطبية التطبيقية,Applied Medica.Sciences,ماجستير تقنية المختبرات الطبية,Master of Medical Laboratry Technology,master,True,rendered_html_embedded_structured_data,4,27,True,False,True,False,,low,insufficient_data,https://kau.edu.sa/ar/programs/master-of-medical-laboratry-technology,https://kau.edu.sa/en/programs/master-of-medical-laboratry-technology
catalog-master-of-science-in-clinical-nutrition,AM,العلوم الطبية التطبيقية,Applied Medica.Sciences,ماجستير العلوم في التغذية العلاجية,Master of Science in Clinical Nutrition,master,True,rendered_html_embedded_structured_data,4,19,True,False,True,False,14/06/2026,low,insufficient_data,https://kau.edu.sa/ar/programs/master-of-science-in-clinical-nutrition,https://kau.edu.sa/en/programs/master-of-science-in-clinical-nutrition
catalog-master-of-science-in-radiologic-sciences,AM,العلوم الطبية التطبيقية,Applied Medica.Sciences,ماجستير العلوم في علوم الأشعة,Master of Science in Radiologic Sciences,master,True,rendered_html_embedded_structured_data,10,41,True,False,True,False,14/06/2026,low,insufficient_data,https://kau.edu.sa/ar/programs/master-of-science-in-radiologic-sciences,https://kau.edu.sa/en/programs/master-of-science-in-radiologic-sciences
catalog-master-of-architecture-department,AP,العمارة والتخطيط,ARCHITECTURE AND PLANNING,ماجستير العمارة,Master of Architecture Department,master,True,rendered_html_embedded_structured_data,5,20,True,False,True,True,08/02/2026,low,insufficient_data,https://kau.edu.sa/ar/programs/master-of-architecture-department,https://kau.edu.sa/en/programs/master-of-architecture-department
catalog-master-of-landscape-architecture-department,AP,العمارة والتخطيط,ARCHITECTURE AND PLANNING,ماجستير عمارة البيئة,Master of Landscape Architecture,master,True,rendered_html_embedded_structured_data,5,30,True,False,True,True,08/02/2026,low,insufficient_data,https://kau.edu.sa/ar/programs/master-of-landscape-architecture-department,https://kau.edu.sa/en/programs/master-of-landscape-architecture-department
catalog-master-of-science-in-industrial-engineering,EN,الهندسة,ENGINEERING,ماجستير في الهندسة الصناعية,Master of Science in Industrial Engineering,master,True,rendered_html_embedded_structured_data,4,11,True,False,False,True,,low,insufficient_data,https://kau.edu.sa/ar/programs/master-of-science-in-industrial-engineering,https://kau.edu.sa/en/programs/master-of-science-in-industrial-engineering
catalog-executive-masters-in-crisis-and-disaster-management,ER,علوم الارض,Faculty of Earth Sciences,الماجستير التنفيذي في ادارة الأزمات والكوارث,Executive Master's in Crisis and Disaster Management,executive_master,True,PDF,4,22,True,True,False,True,1447 AH,medium,requires_manual_review,https://kau.edu.sa/ar/programs/executive-masters-in-crisis-and-disaster-management,https://kau.edu.sa/en/programs/executive-masters-in-crisis-and-disaster-management
catalog-executive-master-in-environmental-health-and-safety,FE,العلوم البيئية,ENVIRONMENTAL SCIENCES,الماجستير التنفيذي في الصحة والسلامة البيئية,Executive Master in Environmental Health and Safety,executive_master,True,rendered_html_embedded_structured_data,2,21,True,False,True,False,08/07/2026,low,insufficient_data,https://kau.edu.sa/ar/programs/executive-master-in-environmental-health-and-safety,https://kau.edu.sa/en/programs/executive-master-in-environmental-health-and-safety
catalog-master-of-science-msc-in-food-and-nutritional-sciences,HD,علوم الإنسان والتصاميم,HUMAN SCIENCES AND DESIGN,ماجستير علوم الغذاء والتغذية,Master of Science (M.Sc.) in Food and Nutritional Sciences,master,True,rendered_html_embedded_structured_data,6,25,True,False,False,True,07/07/2026,low,insufficient_data,https://kau.edu.sa/ar/programs/master-of-science-msc-in-food-and-nutritional-sciences,https://kau.edu.sa/en/programs/master-of-science-msc-in-food-and-nutritional-sciences
catalog-master-of-science-in-family-sciences-msc-in-family-sciences,HD,علوم الإنسان والتصاميم,HUMAN SCIENCES AND DESIGN,ماجستيرالعلوم في العلوم الاسرية,Master of Science in Family Sciences (M.Sc. in Family Sciences),master,True,rendered_html_embedded_structured_data,6,25,True,False,True,True,08/07/2026,low,insufficient_data,https://kau.edu.sa/ar/programs/master-of-science-in-family-sciences-msc-in-family-sciences,https://kau.edu.sa/en/programs/master-of-science-in-family-sciences-msc-in-family-sciences
catalog-master-of-science-in-spatial-design-msc-in-spatial-design,HD,علوم الإنسان والتصاميم,HUMAN SCIENCES AND DESIGN,ماجستيرالعلوم في( التصميم الداخلي - التصميم الفراغي),Master of Science in Spatial Design (M.Sc. in Spatial Design),master,True,rendered_html_embedded_structured_data,6,30,True,False,True,True,09/07/2026,low,insufficient_data,https://kau.edu.sa/ar/programs/master-of-science-in-spatial-design-msc-in-spatial-design,https://kau.edu.sa/en/programs/master-of-science-in-spatial-design-msc-in-spatial-design
catalog-the-master-of-science-in-islamic-finance,IE,معهد الاقتصاد الإسلامي,Institute of Islamic Economics,برنامج ماجستير العلوم في التمويل الإسلامي,The Master of Science in Islamic Finance,executive_master,True,rendered_html_embedded_structured_data,6,54,True,False,True,False,09/07/2026,low,insufficient_data,https://kau.edu.sa/ar/programs/the-master-of-science-in-islamic-finance,https://kau.edu.sa/en/programs/the-master-of-science-in-islamic-finance
catalog-executive-master-in-cybersecurity,IT,الحاسبات وتقنية المعلومات,computing & information tech.,الماجستير التنفيذي في الأمن السيبراني,Executive Master of Science in Cybersecurity,executive_master,True,rendered_html_embedded_structured_data,4,10,True,False,False,True,29/03/2026,low,insufficient_data,https://kau.edu.sa/ar/programs/executive-master-in-cybersecurity,https://kau.edu.sa/en/programs/executive-master-in-cybersecurity
catalog-master-of-hajj-and-umrah-services-management,TU,السياحة,tourism,ماجستير إدارة خدمات الحج والعمرة,Master of Hajj and Umrah Services Management,executive_master,True,rendered_html_embedded_structured_data,5,18,True,False,False,False,14/07/2026,low,insufficient_data,https://kau.edu.sa/ar/programs/master-of-hajj-and-umrah-services-management,https://kau.edu.sa/en/programs/master-of-hajj-and-umrah-services-management
ed-master-educational-guidance-counseling,ED,التربية,education,ماجستير التوجيه والإرشاد التربوي,Master's Program in Educational Guidance and Counseling,master,False,,0,0,False,False,False,False,14/07/2026,high,no_plan_found,https://kau.edu.sa/faculty/ar/education/page/department-of%20psychology,https://kau.edu.sa/faculty/en/education/page/department-of%20psychology
ed-master-special-education,ED,التربية,education,ماجستير التربية الخاصة,Master's Program in Special Education,master,False,,0,0,False,False,False,False,14/07/2026,high,no_plan_found,https://kau.edu.sa/faculty/ar/education/page/department-of-special-education,https://kau.edu.sa/faculty/en/education/page/department-of-special-education
ed-professional-master-special-education,ED,التربية,education,الماجستير المهني في التربية الخاصة,Professional Master's Program in Special Education,executive_master,False,,0,0,False,False,False,False,14/07/2026,high,no_plan_found,https://kau.edu.sa/faculty/ar/education/page/department-of-special-education,https://kau.edu.sa/faculty/en/education/page/department-of-special-education
ph-master-molecular-drug-discovery-development,PH,الصيدلة,pharmacy,ماجستير العلوم في الاكتشاف والتطوير الجزيئي للأدوية,MSc in Molecular Drug Discovery and Development,master,False,,0,0,False,False,False,False,,high,no_plan_found,https://kau.edu.sa/faculty/ar/pharmacy,https://kau.edu.sa/faculty/en/pharmacy
ph-master-pharmaceutics,PH,الصيدلة,pharmacy,ماجستير العلوم في الصيدلانيات,MSc in Pharmaceutics,master,False,,0,0,False,False,False,False,,high,no_plan_found,https://kau.edu.sa/faculty/ar/pharmacy,https://kau.edu.sa/faculty/en/pharmacy
ph-master-pharmacology-toxicology,PH,الصيدلة,pharmacy,ماجستير العلوم في علم الأدوية والسموم,MSc in Pharmacology and Toxicology,master,False,,0,0,False,False,False,False,,high,no_plan_found,https://kau.edu.sa/faculty/ar/pharmacy,https://kau.edu.sa/faculty/en/pharmacy
catalog-department-of-physical-therapy-graduate-program,RH,علوم التأهيل الطبي,Med. Rehabilitation Sciences,ماجستير العلاج الطبيعي برنامج الدراسات العليا,Master's Degree of Physical Therapy Graduate Program,master,False,rendered_html_embedded_structured_data,0,0,False,False,False,True,24/06/2026,high,no_plan_found,https://kau.edu.sa/ar/programs/department-of-physical-therapy-graduate-program,https://kau.edu.sa/en/programs/department-of-physical-therapy-graduate-program
catalog-doctor-of-philosophy-in-meteorology,FE,العلوم البيئية,ENVIRONMENTAL SCIENCES,دكتوراه الفلسفة في الأرصاد,Doctor of Philosophy in Meteorology,doctorate,True,rendered_html_embedded_structured_data,2,26,True,True,False,True,10/07/2026,high,ready_to_import,https://kau.edu.sa/ar/programs/doctor-of-philosophy-in-meteorology,https://kau.edu.sa/en/programs/doctor-of-philosophy-in-meteorology
catalog-phds-degree-in-environmental-science,FE,العلوم البيئية,ENVIRONMENTAL SCIENCES,الدكتوراه في العلوم البيئية,Ph.D.’s Degree in Environmental Science,doctorate,True,rendered_html_embedded_structured_data,2,5,True,True,False,False,,high,ready_to_import,https://kau.edu.sa/ar/programs/phds-degree-in-environmental-science,https://kau.edu.sa/en/programs/phds-degree-in-environmental-science
catalog-doctor-of-philosophy-in-computer-science,IT,الحاسبات وتقنية المعلومات,computing & information tech.,الدكتوراه في علوم الحاسبات,Doctor of Philosophy in Computer Science,doctorate,True,rendered_html_embedded_structured_data,3,7,True,True,True,True,13/07/2026,high,ready_to_import,https://kau.edu.sa/ar/programs/doctor-of-philosophy-in-computer-science,https://kau.edu.sa/en/programs/doctor-of-philosophy-in-computer-science
catalog-phd-in-arabic-language,AH,الآداب و العلوم الإنسانية,Arts and Humanities,الدكتوراه في اللغة العربية,PHD in Arabic Language,doctorate,True,rendered_html_embedded_structured_data,4,2,True,True,True,False,,medium,requires_manual_review,https://kau.edu.sa/ar/programs/phd-in-arabic-language,https://kau.edu.sa/en/programs/phd-in-arabic-language
catalog-phd-in-history,AH,الآداب و العلوم الإنسانية,Arts and Humanities,الدكتوراه في التاريخ,PHD in History,doctorate,True,rendered_html_embedded_structured_data,7,42,True,True,True,True,12/07/2026,medium,requires_manual_review,https://kau.edu.sa/ar/programs/phd-in-history,https://kau.edu.sa/en/programs/phd-in-history
catalog-phd-in-islamic-creed,AH,الآداب و العلوم الإنسانية,Arts and Humanities,الدكتوراه في العقيدة,PHD in Islamic Creed (Aqidah),doctorate,True,rendered_html_embedded_structured_data,5,16,True,True,True,False,16/07/2026,medium,requires_manual_review,https://kau.edu.sa/ar/programs/phd-in-islamic-creed,https://kau.edu.sa/en/programs/phd-in-islamic-creed
catalog-phd-of-sharia-islamic-studies,AH,الآداب و العلوم الإنسانية,Arts and Humanities,الدكتوراه في الدراسات القضائية,PhD in Judicial Studies,doctorate,True,rendered_html_embedded_structured_data,5,16,True,True,True,False,13/07/2026,medium,requires_manual_review,https://kau.edu.sa/ar/programs/phd-of-sharia-islamic-studies,https://kau.edu.sa/en/programs/phd-of-sharia-islamic-studies
catalog-phd-of-fiqh-principles,AH,الآداب و العلوم الإنسانية,Arts and Humanities,الدكتوراه في أصول الفقه,PhD in Usul al-Fiqh (Principles of Islamic Jurisprudence),doctorate,True,rendered_html_embedded_structured_data,5,16,True,True,True,False,14/07/2026,medium,requires_manual_review,https://kau.edu.sa/ar/programs/phd-of-fiqh-principles,https://kau.edu.sa/en/programs/phd-of-fiqh-principles
catalog-phd-of-quran-sunnah,AH,الآداب و العلوم الإنسانية,Arts and Humanities,دكتوراه الفلسفة في الكتاب والسنة,PhD in the Qur'an and Sunnah Sciences,doctorate,True,rendered_html_embedded_structured_data,5,16,True,True,True,False,13/07/2026,medium,requires_manual_review,https://kau.edu.sa/ar/programs/phd-of-quran-sunnah,https://kau.edu.sa/en/programs/phd-of-quran-sunnah
catalog-doctor-of-philosophy-phd-in-communication-and-media,CM,الاتصال والإعلام,communications&media,برنامج دكتوراه الفلسفة في الاتصال والإعلام,Doctor of Philosophy (PhD) in Communication and Media,doctorate,True,rendered_html_embedded_structured_data,8,42,True,True,True,True,15/07/2026,medium,requires_manual_review,https://kau.edu.sa/ar/programs/doctor-of-philosophy-phd-in-communication-and-media,https://kau.edu.sa/en/programs/doctor-of-philosophy-phd-in-communication-and-media
catalog-doctor-of-philosophy-in-pediatric-dentistry,DN,طب الأسنان,dentistry,دكتوراة الفلسفة في طب أسنان الأطفال,Doctor of Philosophy in Pediatric Dentistry,doctorate,True,rendered_html_embedded_structured_data,6,45,True,True,True,False,,medium,requires_manual_review,https://kau.edu.sa/ar/programs/doctor-of-philosophy-in-pediatric-dentistry,https://kau.edu.sa/en/programs/doctor-of-philosophy-in-pediatric-dentistry
catalog-doctor-of-philosophy-in-health-administration,EA,الاقتصاد والادارة,economics and administration,دكتوراه الفلسفة في الإدارة الصحية,Doctor of Philosophy in Health Administration,doctorate,True,rendered_html_embedded_structured_data,7,12,True,True,False,True,12/07/2026,medium,requires_manual_review,https://kau.edu.sa/ar/programs/doctor-of-philosophy-in-health-administration,https://kau.edu.sa/en/programs/doctor-of-philosophy-in-health-administration
catalog-phd-in-accounting,EA,الاقتصاد والادارة,economics and administration,دكتوراة الفلسفة في المحاسبة,Ph.D. in Accounting,doctorate,True,rendered_html_embedded_structured_data,5,14,True,True,False,True,12/07/2026,medium,requires_manual_review,https://kau.edu.sa/ar/programs/phd-in-accounting,https://kau.edu.sa/en/programs/phd-in-accounting
catalog-phd-in-economics,EA,الاقتصاد والادارة,economics and administration,دكتوراه الفلسفة في الاقتصاد,Ph.D. in Economics,doctorate,True,rendered_html_embedded_structured_data,8,13,True,True,False,True,12/07/2026,medium,requires_manual_review,https://kau.edu.sa/ar/programs/phd-in-economics,https://kau.edu.sa/en/programs/phd-in-economics
catalog-doctor-of-philosophy-in-hydrology-and-water-resources-management,FE,العلوم البيئية,ENVIRONMENTAL SCIENCES,دكتوراه الفلسفة في علوم وإدارة موارد المياه,Doctor of Philosophy in Hydrology and Water Resources Management,doctorate,True,rendered_html_embedded_structured_data,2,35,True,True,False,True,07/07/2026,medium,requires_manual_review,https://kau.edu.sa/ar/programs/doctor-of-philosophy-in-hydrology-and-water-resources-management,https://kau.edu.sa/en/programs/doctor-of-philosophy-in-hydrology-and-water-resources-management
catalog-phds-degree-in-arid-land-agriculture,FE,العلوم البيئية,ENVIRONMENTAL SCIENCES,دكتوراه في (زراعة المناطق الجافة),Ph.D.’s Degree in (Arid land Agriculture),doctorate,True,rendered_html_embedded_structured_data,7,65,True,True,False,False,,medium,requires_manual_review,https://kau.edu.sa/ar/programs/phds-degree-in-arid-land-agriculture,https://kau.edu.sa/en/programs/phds-degree-in-arid-land-agriculture
catalog-doctor-of-philosophy-in-computer-information-systems,IT,الحاسبات وتقنية المعلومات,computing & information tech.,الدكتوراه في نظم المعلومات,Doctor of Philosophy in Computer Information Systems,doctorate,True,rendered_html_embedded_structured_data,6,10,True,True,True,True,13/07/2026,medium,requires_manual_review,https://kau.edu.sa/ar/programs/doctor-of-philosophy-in-computer-information-systems,https://kau.edu.sa/en/programs/doctor-of-philosophy-in-computer-information-systems
catalog-doctor-of-philosophy-in-information-technology,IT,الحاسبات وتقنية المعلومات,computing & information tech.,الدكتوراه في تقنية المعلومات,Doctor of Philosophy in Information Technology,doctorate,True,rendered_html_embedded_structured_data,3,7,True,True,False,True,14/07/2026,medium,requires_manual_review,https://kau.edu.sa/ar/programs/doctor-of-philosophy-in-information-technology,https://kau.edu.sa/en/programs/doctor-of-philosophy-in-information-technology
catalog-phd-in-marine-biology,MR,علوم البحار,marine sciences,الدكتوراه في الأحياء البحرية,PhD in Marine Biology,doctorate,True,rendered_html_embedded_structured_data,6,16,True,True,False,True,13/07/2026,medium,requires_manual_review,https://kau.edu.sa/ar/programs/phd-in-marine-biology,https://kau.edu.sa/en/programs/phd-in-marine-biology
catalog-phd-in-marine-chemistry,MR,علوم البحار,marine sciences,الدكتوراه في الكيمياء البحرية,PhD in Marine Chemistry,doctorate,True,rendered_html_embedded_structured_data,6,26,True,True,False,True,11/07/2026,medium,requires_manual_review,https://kau.edu.sa/ar/programs/phd-in-marine-chemistry,https://kau.edu.sa/en/programs/phd-in-marine-chemistry
catalog-phd-in-marine-geology,MR,علوم البحار,marine sciences,الدكتوراه في الجيولوجيا البحرية,PhD in Marine Geology,doctorate,True,rendered_html_embedded_structured_data,6,22,True,True,False,True,10/07/2026,medium,requires_manual_review,https://kau.edu.sa/ar/programs/phd-in-marine-geology,https://kau.edu.sa/en/programs/phd-in-marine-geology
catalog-phd-in-marine-physics,MR,علوم البحار,marine sciences,الدكتوراه في الفيزياء البحرية,PhD in Marine Physics,doctorate,True,rendered_html_embedded_structured_data,6,24,True,True,False,True,14/07/2026,medium,requires_manual_review,https://kau.edu.sa/ar/programs/phd-in-marine-physics,https://kau.edu.sa/en/programs/phd-in-marine-physics
catalog-phd-in-biochemistry,SC,العلوم,science,دكتوراه في الكيمياء الحيوية,PHD in Biochemistry,doctorate,True,rendered_html_embedded_structured_data,5,13,True,True,True,True,14/06/2026,medium,requires_manual_review,https://kau.edu.sa/ar/programs/phd-in-biochemistry,https://kau.edu.sa/en/programs/phd-in-biochemistry
catalog-phd-in-psychology,AH,الآداب و العلوم الإنسانية,Arts and Humanities,الدكتوراه في علم النفس,PHD in Psychology,doctorate,True,rendered_html_embedded_structured_data,7,21,True,False,False,True,,low,insufficient_data,https://kau.edu.sa/ar/programs/phd-in-psychology,https://kau.edu.sa/en/programs/phd-in-psychology
catalog-phd-in-sociology,AH,الآداب و العلوم الإنسانية,Arts and Humanities,الدكتوراه في علم الاجتماع والخدمة الاجتماعية,PHD in Sociology,doctorate,True,rendered_html_embedded_structured_data,8,43,True,False,False,False,09/07/2026,low,insufficient_data,https://kau.edu.sa/ar/programs/phd-in-sociology,https://kau.edu.sa/en/programs/phd-in-sociology
catalog-doctor-of-philosophy-in-business-administration,EA,الاقتصاد والادارة,economics and administration,دكتوراه الفلسفة في ادارة الاعمال,Doctor of Philosophy in Business Administration,doctorate,True,rendered_html_embedded_structured_data,6,14,True,False,False,True,12/07/2026,low,insufficient_data,https://kau.edu.sa/ar/programs/doctor-of-philosophy-in-business-administration,https://kau.edu.sa/en/programs/doctor-of-philosophy-in-business-administration
catalog-doctor-of-philosophy-phd-in-fashion-and-textiles,HD,علوم الإنسان والتصاميم,HUMAN SCIENCES AND DESIGN,دكتوراه الفلسفة في الأزياء والنسيج,Doctor of Philosophy (PhD) in Fashion and Textiles,doctorate,True,rendered_html_embedded_structured_data,11,20,True,False,False,True,15/07/2026,low,insufficient_data,https://kau.edu.sa/ar/programs/doctor-of-philosophy-phd-in-fashion-and-textiles,https://kau.edu.sa/en/programs/doctor-of-philosophy-phd-in-fashion-and-textiles
catalog-doctor-of-philosophy-in-statistics,SC,العلوم,science,دكتوراه الفلسفه في الإحصاء,Doctor of Philosophy in Statistics,doctorate,True,rendered_html_embedded_structured_data,8,17,True,False,True,True,24/06/2026,low,insufficient_data,https://kau.edu.sa/ar/programs/doctor-of-philosophy-in-statistics,https://kau.edu.sa/en/programs/doctor-of-philosophy-in-statistics
ed-doctorate-psychological-educational-counseling,ED,التربية,education,دكتوراه الإرشاد النفسي والتربوي,PhD in Psychological and Educational Counseling,doctorate,False,,0,0,False,False,False,False,14/07/2026,high,no_plan_found,https://kau.edu.sa/faculty/ar/education/page/department-of%20psychology,https://kau.edu.sa/faculty/en/education/page/department-of%20psychology
ph-doctor-of-pharmacy,PH,الصيدلة,pharmacy,دكتور صيدلي,Doctor of Pharmacy (PharmD),other,False,,0,0,False,False,False,False,04/09/2025,low,broken_source,https://admission.kau.edu.sa/Default-166-AR,https://kau.edu.sa/en/student-achievement/80e897dc-bcf4-444c-9f14-cfc67c008b03
